{"stats":{"minecraft:killed":{"cobblemon:pokemon":1},"minecraft:custom":{"minecraft:jump":31,"minecraft:time_since_rest":14423,"minecraft:damage_dealt":305,"minecraft:leave_game":1,"minecraft:sprint_one_cm":3254,"minecraft:play_time":14423,"minecraft:damage_taken":233,"minecraft:time_since_death":14423,"minecraft:walk_one_cm":10290,"minecraft:damage_blocked_by_shield":639,"minecraft:climb_one_cm":1284,"minecraft:total_world_time":14423,"minecraft:mob_kills":1,"minecraft:fall_one_cm":1219,"minecraft:fly_one_cm":1793},"minecraft:used":{"minecraft:bread":1,"minecraft:shield":9,"minecraft:wooden_sword":7}},"DataVersion":3465}