{"stats":{"minecraft:mined":{"minecraft:mangrove_leaves":6,"minecraft:mangrove_log":1},"minecraft:custom":{"minecraft:jump":38,"minecraft:time_since_rest":16852,"minecraft:damage_dealt":3,"minecraft:crouch_one_cm":26,"minecraft:walk_on_water_one_cm":519,"minecraft:sprint_one_cm":5669,"minecraft:play_time":16852,"minecraft:damage_taken":180,"minecraft:time_since_death":16852,"minecraft:walk_one_cm":2385,"minecraft:sneak_time":53,"minecraft:climb_one_cm":330,"minecraft:total_world_time":16852,"minecraft:fall_one_cm":1785,"minecraft:fly_one_cm":3643},"minecraft:crafted":{"minecraft:mangrove_planks":4},"minecraft:used":{"minecraft:bread":2},"minecraft:picked_up":{"minecraft:mangrove_log":1}},"DataVersion":3465}