{"stats":{"minecraft:mined":{"minecraft:cactus":1,"minecraft:vine":1,"minecraft:mangrove_log":1,"minecraft:mangrove_leaves":4},"minecraft:custom":{"minecraft:time_since_rest":7080,"minecraft:crouch_one_cm":115,"minecraft:sprint_one_cm":2539,"minecraft:deaths":3,"minecraft:play_time":26309,"minecraft:damage_taken":869,"minecraft:walk_one_cm":62295,"minecraft:sneak_time":68,"minecraft:walk_under_water_one_cm":591,"minecraft:jump":93,"minecraft:damage_dealt":97,"minecraft:leave_game":1,"minecraft:walk_on_water_one_cm":2050,"minecraft:time_since_death":7051,"minecraft:climb_one_cm":1073,"minecraft:total_world_time":26309,"minecraft:fly_one_cm":2092,"minecraft:fall_one_cm":3480},"minecraft:used":{"minecraft:cactus":3},"minecraft:killed_by":{"cobblemon:pokemon":3},"minecraft:picked_up":{"minecraft:cactus":3,"minecraft:mangrove_log":1}},"DataVersion":3465}