{"stats":{"minecraft:custom":{"minecraft:jump":40,"minecraft:time_since_rest":10240,"minecraft:damage_taken":360,"minecraft:leave_game":1,"minecraft:time_since_death":10110,"minecraft:play_time":14309,"minecraft:walk_one_cm":25546,"minecraft:walk_on_water_one_cm":116,"minecraft:deaths":1,"minecraft:sneak_time":40,"minecraft:total_world_time":14309,"minecraft:climb_one_cm":12,"minecraft:fall_one_cm":1446,"minecraft:fly_one_cm":815},"minecraft:killed_by":{"cobblemon:pokemon":1}},"DataVersion":3465}