{
  "cobblemon:recipes/held/ability_shield": {
    "criteria": {
      "has_shield": "2024-11-04 21:36:31 +0000"
    },
    "done": true
  },
  "minecraft:recipes/decorations/crafting_table": {
    "criteria": {
      "unlock_right_away": "2024-11-04 21:36:31 +0000"
    },
    "done": true
  },
  "cobblemon:root": {
    "criteria": {
      "picked_starter": "2024-11-04 21:38:01 +0000"
    },
    "done": true
  },
  "cobblemon:recipes/held/heavy_duty_boots": {
    "criteria": {
      "has_leather": "2024-11-04 21:36:31 +0000"
    },
    "done": true
  },
  "megamons:grant_megamons_guide": {
    "criteria": {
      "tick": "2024-11-04 21:38:01 +0000"
    },
    "done": true
  },
  "minecraft:adventure/adventuring_time": {
    "criteria": {
      "minecraft:mangrove_swamp": "2024-11-04 21:36:31 +0000"
    },
    "done": false
  },
  "DataVersion": 3465
}