{
  "another_furniture:recipes/mangrove_table": {
    "criteria": {
      "has_planks": "2024-11-04 21:45:02 +0000"
    },
    "done": true
  },
  "minecraft:recipes/building_blocks/mangrove_planks": {
    "criteria": {
      "has_logs": "2024-11-04 21:44:56 +0000"
    },
    "done": true
  },
  "handcrafted:recipes/misc/mangrove_couch": {
    "criteria": {
      "has_mangrove_couch": "2024-11-04 21:45:02 +0000"
    },
    "done": true
  },
  "cobblemon:recipes/held/ability_shield": {
    "criteria": {
      "has_shield": "2024-11-04 21:36:40 +0000"
    },
    "done": true
  },
  "cobblemon:recipes/transportation/apricorn_boat": {
    "criteria": {
      "in_water": "2024-11-04 21:49:29 +0000"
    },
    "done": true
  },
  "another_furniture:recipes/mangrove_shelf": {
    "criteria": {
      "has_planks": "2024-11-04 21:45:02 +0000"
    },
    "done": true
  },
  "minecraft:recipes/building_blocks/mangrove_stairs": {
    "criteria": {
      "has_planks": "2024-11-04 21:45:02 +0000"
    },
    "done": true
  },
  "handcrafted:recipes/misc/mangrove_counter": {
    "criteria": {
      "has_mangrove_counter": "2024-11-04 21:45:02 +0000"
    },
    "done": true
  },
  "minecraft:recipes/decorations/crafting_table": {
    "criteria": {
      "unlock_right_away": "2024-11-04 21:36:40 +0000"
    },
    "done": true
  },
  "minecraft:recipes/misc/stick": {
    "criteria": {
      "has_planks": "2024-11-04 21:45:02 +0000"
    },
    "done": true
  },
  "cobblemon:root": {
    "criteria": {
      "picked_starter": "2024-11-04 21:42:02 +0000"
    },
    "done": true
  },
  "another_furniture:recipes/mangrove_chair": {
    "criteria": {
      "has_planks": "2024-11-04 21:45:02 +0000"
    },
    "done": true
  },
  "minecraft:recipes/transportation/cherry_boat": {
    "criteria": {
      "in_water": "2024-11-04 21:49:29 +0000"
    },
    "done": true
  },
  "minecraft:recipes/redstone/mangrove_door": {
    "criteria": {
      "has_planks": "2024-11-04 21:45:02 +0000"
    },
    "done": true
  },
  "handcrafted:recipes/misc/mangrove_shelf": {
    "criteria": {
      "has_mangrove_shelf": "2024-11-04 21:45:02 +0000"
    },
    "done": true
  },
  "minecraft:recipes/transportation/bamboo_raft": {
    "criteria": {
      "in_water": "2024-11-04 21:49:29 +0000"
    },
    "done": true
  },
  "hearth_and_home:recipes/trims": {
    "criteria": {
      "has_item": "2024-11-04 21:45:02 +0000"
    },
    "done": true
  },
  "hearth_and_home:recipes/lattices": {
    "criteria": {
      "has_item": "2024-11-04 21:45:02 +0000"
    },
    "done": true
  },
  "handcrafted:recipes/misc/mangrove_bench": {
    "criteria": {
      "has_mangrove_bench": "2024-11-04 21:45:02 +0000"
    },
    "done": true
  },
  "handcrafted:recipes/misc/fox_trophy": {
    "criteria": {
      "has_fox_trophy": "2024-11-04 21:45:02 +0000"
    },
    "done": true
  },
  "minecraft:recipes/transportation/spruce_boat": {
    "criteria": {
      "in_water": "2024-11-04 21:49:29 +0000"
    },
    "done": true
  },
  "handcrafted:recipes/misc/mangrove_desk": {
    "criteria": {
      "has_mangrove_desk": "2024-11-04 21:45:02 +0000"
    },
    "done": true
  },
  "minecraft:husbandry/root": {
    "criteria": {
      "consumed_item": "2024-11-04 21:42:28 +0000"
    },
    "done": true
  },
  "minecraft:recipes/transportation/birch_boat": {
    "criteria": {
      "in_water": "2024-11-04 21:49:29 +0000"
    },
    "done": true
  },
  "handcrafted:recipes/misc/salmon_trophy": {
    "criteria": {
      "has_salmon_trophy": "2024-11-04 21:45:02 +0000"
    },
    "done": true
  },
  "minecraft:recipes/transportation/oak_boat": {
    "criteria": {
      "in_water": "2024-11-04 21:49:29 +0000"
    },
    "done": true
  },
  "hearth_and_home:recipes/sanded_wood": {
    "criteria": {
      "has_item": "2024-11-04 21:45:02 +0000"
    },
    "done": true
  },
  "handcrafted:recipes/misc/silverfish_trophy": {
    "criteria": {
      "has_silverfish_trophy": "2024-11-04 21:45:02 +0000"
    },
    "done": true
  },
  "handcrafted:recipes/misc/tropical_fish_trophy": {
    "criteria": {
      "has_tropical_fish_trophy": "2024-11-04 21:45:02 +0000"
    },
    "done": true
  },
  "handcrafted:recipes/misc/spider_trophy": {
    "criteria": {
      "has_spider_trophy": "2024-11-04 21:45:02 +0000"
    },
    "done": true
  },
  "handcrafted:recipes/misc/bear_trophy": {
    "criteria": {
      "has_bear_trophy": "2024-11-04 21:45:02 +0000"
    },
    "done": true
  },
  "minecraft:recipes/transportation/mangrove_boat": {
    "criteria": {
      "in_water": "2024-11-04 21:49:29 +0000"
    },
    "done": true
  },
  "minecraft:recipes/redstone/mangrove_pressure_plate": {
    "criteria": {
      "has_planks": "2024-11-04 21:45:02 +0000"
    },
    "done": true
  },
  "handcrafted:recipes/misc/pufferfish_trophy": {
    "criteria": {
      "has_pufferfish_trophy": "2024-11-04 21:45:02 +0000"
    },
    "done": true
  },
  "handcrafted:recipes/misc/mangrove_fancy_bed": {
    "criteria": {
      "has_mangrove_fancy_bed": "2024-11-04 21:45:02 +0000"
    },
    "done": true
  },
  "handcrafted:recipes/misc/mangrove_chair": {
    "criteria": {
      "has_mangrove_chair": "2024-11-04 21:45:02 +0000"
    },
    "done": true
  },
  "minecraft:recipes/decorations/mangrove_fence": {
    "criteria": {
      "has_planks": "2024-11-04 21:45:02 +0000"
    },
    "done": true
  },
  "handcrafted:recipes/misc/mangrove_dining_bench": {
    "criteria": {
      "has_mangrove_dining_bench": "2024-11-04 21:45:02 +0000"
    },
    "done": true
  },
  "handcrafted:recipes/misc/mangrove_corner_trim": {
    "criteria": {
      "has_mangrove_corner_trim": "2024-11-04 21:45:02 +0000"
    },
    "done": true
  },
  "hearth_and_home:recipes/parquets": {
    "criteria": {
      "has_item": "2024-11-04 21:45:02 +0000"
    },
    "done": true
  },
  "minecraft:recipes/misc/charcoal": {
    "criteria": {
      "has_log": "2024-11-04 21:44:56 +0000"
    },
    "done": true
  },
  "minecraft:recipes/redstone/mangrove_trapdoor": {
    "criteria": {
      "has_planks": "2024-11-04 21:45:02 +0000"
    },
    "done": true
  },
  "minecraft:recipes/redstone/mangrove_fence_gate": {
    "criteria": {
      "has_planks": "2024-11-04 21:45:02 +0000"
    },
    "done": true
  },
  "handcrafted:recipes/misc/mangrove_nightstand": {
    "criteria": {
      "has_mangrove_nightstand": "2024-11-04 21:45:02 +0000"
    },
    "done": true
  },
  "handcrafted:recipes/misc/mangrove_table": {
    "criteria": {
      "has_mangrove_table": "2024-11-04 21:45:02 +0000"
    },
    "done": true
  },
  "handcrafted:recipes/misc/goat_trophy": {
    "criteria": {
      "has_goat_trophy": "2024-11-04 21:45:02 +0000"
    },
    "done": true
  },
  "minecraft:recipes/decorations/mangrove_sign": {
    "criteria": {
      "has_planks": "2024-11-04 21:45:02 +0000"
    },
    "done": true
  },
  "cobblemon:recipes/held/heavy_duty_boots": {
    "criteria": {
      "has_leather": "2024-11-04 21:36:40 +0000"
    },
    "done": true
  },
  "minecraft:recipes/building_blocks/mangrove_wood": {
    "criteria": {
      "has_log": "2024-11-04 21:44:56 +0000"
    },
    "done": true
  },
  "minecraft:recipes/redstone/mangrove_button": {
    "criteria": {
      "has_planks": "2024-11-04 21:45:02 +0000"
    },
    "done": true
  },
  "megamons:grant_megamons_guide": {
    "criteria": {
      "tick": "2024-11-04 21:42:02 +0000"
    },
    "done": true
  },
  "minecraft:recipes/transportation/acacia_boat": {
    "criteria": {
      "in_water": "2024-11-04 21:49:29 +0000"
    },
    "done": true
  },
  "handcrafted:recipes/misc/mangrove_drawer": {
    "criteria": {
      "has_mangrove_drawer": "2024-11-04 21:45:02 +0000"
    },
    "done": true
  },
  "minecraft:adventure/adventuring_time": {
    "criteria": {
      "minecraft:mangrove_swamp": "2024-11-04 21:36:41 +0000"
    },
    "done": false
  },
  "minecraft:recipes/decorations/barrel": {
    "criteria": {
      "has_planks": "2024-11-04 21:45:02 +0000"
    },
    "done": true
  },
  "minecraft:husbandry/balanced_diet": {
    "criteria": {
      "bread": "2024-11-04 21:42:28 +0000"
    },
    "done": false
  },
  "handcrafted:recipes/misc/mangrove_pillar_trim": {
    "criteria": {
      "has_mangrove_pillar_trim": "2024-11-04 21:45:02 +0000"
    },
    "done": true
  },
  "minecraft:recipes/building_blocks/mangrove_slab": {
    "criteria": {
      "has_planks": "2024-11-04 21:45:02 +0000"
    },
    "done": true
  },
  "handcrafted:recipes/misc/skeleton_horse_trophy": {
    "criteria": {
      "has_skeleton_horse_trophy": "2024-11-04 21:45:02 +0000"
    },
    "done": true
  },
  "handcrafted:recipes/misc/blaze_trophy": {
    "criteria": {
      "has_blaze_trophy": "2024-11-04 21:45:02 +0000"
    },
    "done": true
  },
  "handcrafted:recipes/misc/mangrove_side_table": {
    "criteria": {
      "has_mangrove_side_table": "2024-11-04 21:45:02 +0000"
    },
    "done": true
  },
  "handcrafted:recipes/misc/mangrove_cupboard": {
    "criteria": {
      "has_mangrove_cupboard": "2024-11-04 21:45:02 +0000"
    },
    "done": true
  },
  "handcrafted:recipes/misc/wither_skeleton_trophy": {
    "criteria": {
      "has_wither_skeleton_trophy": "2024-11-04 21:45:02 +0000"
    },
    "done": true
  },
  "minecraft:recipes/transportation/jungle_boat": {
    "criteria": {
      "in_water": "2024-11-04 21:49:29 +0000"
    },
    "done": true
  },
  "minecraft:recipes/transportation/dark_oak_boat": {
    "criteria": {
      "in_water": "2024-11-04 21:49:29 +0000"
    },
    "done": true
  },
  "handcrafted:recipes/misc/wolf_trophy": {
    "criteria": {
      "has_wolf_trophy": "2024-11-04 21:45:02 +0000"
    },
    "done": true
  },
  "DataVersion": 3465
}